experiment_id,n,p,filling_rate_percent,sample_sd_percent,mean_planning_ms_per_step,sample_sd_planning_ms_per_step,worst_plan_ms
additional_row_by_row_20260927,1,0.004,97.816736111111,0.254051024194,0.000148383,1.2540379179999999e-05,0.00696
additional_row_by_row_20260927,1,0.02,89.303020833333,0.484602601411,0.00033510900000000005,3.426215554e-05,0.025093
additional_row_by_row_20260927,2,0.004,95.494513888889,0.241823592372,0.0003119622,1.881573786e-05,0.00409
additional_row_by_row_20260927,2,0.02,79.327803819444,0.471510566649,0.0008941362,2.6055554279999998e-05,0.008886
additional_row_by_row_20260927,3,0.004,93.336153549383,0.246077695181,0.0005459319,3.959187573e-05,0.006251
additional_row_by_row_20260927,3,0.02,69.684367283951,0.577632923817,0.0016383127,4.241618652e-05,0.014428
additional_row_by_row_20260927,4,0.004,91.431786024306,0.235200949797,0.0008758112999999999,0.00011268037622,0.09649
additional_row_by_row_20260927,4,0.02,60.938485243056,0.514488253158,0.0022630214,9.490127339999999e-05,0.036598
additional_row_by_row_20260927,5,0.004,89.690493055556,0.178392075087,0.0012561481,7.187237055e-05,0.010235
additional_row_by_row_20260927,5,0.02,55.2242625,0.391833942206,0.0027237995999999996,8.760891349000001e-05,0.01076
additional_row_by_row_20260927,6,0.004,88.296150655864,0.200009146046,0.001608069,8.411681569e-05,0.009234
additional_row_by_row_20260927,6,0.02,51.540622106481,0.332637631464,0.0032178174999999997,9.318187918999999e-05,0.016339
additional_row_by_row_20260927,7,0.004,87.09418579932,0.18286783788,0.0019938824,7.929033615000001e-05,0.019074
additional_row_by_row_20260927,7,0.02,48.857295918367,0.302748295981,0.004335709300000001,0.00049236584325,0.240921
additional_row_by_row_20260927,8,0.004,86.08067328559,0.154441257241,0.0023313517,8.856542568e-05,0.013859
additional_row_by_row_20260927,8,0.02,46.866836480035,0.23992302994,0.0049852432,0.00046255012313,0.019853
additional_row_by_row_20260927,9,0.004,85.250775034294,0.155252797741,0.0026743773999999996,0.00014307868304,0.011628
additional_row_by_row_20260927,9,0.02,45.277050754458,0.18183931527,0.0059324855,0.00050517742685,0.023854
additional_row_by_row_20260927,10,0.004,84.637148263889,0.143006748892,0.0030006892,9.998987495e-05,0.011251
additional_row_by_row_20260927,10,0.02,44.029047916667,0.167363165644,0.0061382963,0.00045659793502,0.018572
additional_row_by_row_20260927,11,0.004,84.103662477043,0.127361031696,0.0032472637,0.00010234520743999999,0.036503
additional_row_by_row_20260927,11,0.02,42.991014692378,0.198510197737,0.006769587299999999,0.00053770439363,0.022782
additional_row_by_row_20260927,12,0.004,83.65880160108,0.135413791743,0.0035636666,0.00012868367693,0.011449
additional_row_by_row_20260927,12,0.02,42.123608458719,0.15385384935,0.0069897511,0.00020581905761,0.019738
additional_row_by_row_20260927,13,0.004,83.266138847797,0.129687253288,0.0038783784999999998,0.00010229079764999999,0.022862
additional_row_by_row_20260927,13,0.02,41.442454183103,0.15522059403,0.0079644075,0.00063939352207,0.065385
additional_row_by_row_20260927,14,0.004,82.946007475907,0.127492676607,0.0045325913,0.00039816894227,0.016589
additional_row_by_row_20260927,14,0.02,40.845766014739,0.136500391636,0.0082605962,0.00019809964366999998,0.027202
additional_row_by_row_20260927,15,0.004,82.662783950617,0.105589381473,0.0046055719,0.00010692844817,0.017848
additional_row_by_row_20260927,15,0.02,40.267210648148,0.141089865118,0.0088877266,0.0002633631433,0.024229
